"","rep.0..days.","rep.0..days.","rep.0..days.","rep.0..days.","rep.0..days."
"1",29827.0814130443,29827.5848236522,29822.9127246923,29833.7717799875,29825.2044477449
"2",29828.0283195479,29828.5317461374,29823.8594988546,29834.7188988871,29826.1512946614
"3",29828.9752561125,29829.4786986841,29824.8063030736,29835.6660478544,29827.0981716369
"4",29829.9222227391,29830.4256812932,29825.7531373503,29836.6132268905,29828.0450786726
"5",29830.8692194286,29831.3726939657,29826.7000016858,29837.5604359961,29828.9920157692
"6",29831.8162461819,29832.3197367027,29827.6468960809,29838.5076751724,29829.9389829279
"7",29832.7633030001,29833.2668095049,29828.5938205366,29839.4549444203,29830.8859801494
"8",29833.710389884,29834.2139123734,29829.540775054,29840.4022437407,29831.8330074349
"9",29834.6575068347,29835.1610453092,29830.4877596338,29841.3495731345,29832.7800647852
"10",29835.604653853,29836.1082083131,29831.4347742771,29842.2969326028,29833.7271522012
"11",29836.55183094,29837.0554013862,29832.3818189849,29843.2443221464,29834.674269684
"12",29837.4990380966,29838.0026245294,29833.328893758,29844.1917417664,29835.6214172345
"13",29838.4462753237,29838.9498777437,29834.2759985975,29845.1391914637,29836.5685948537
"14",29839.3935426223,29839.8971610299,29835.2231335043,29846.0866712392,29837.5158025425
"15",29840.3408399934,29840.8444743891,29836.1702984793,29847.0341810939,29838.4630403018
"16",29841.2881674379,29841.7918178223,29837.1174935236,29847.9817210288,29839.4103081327
"17",29842.2355249568,29842.7391913303,29838.064718638,29848.9292910448,29840.357606036
"18",29843.1829125509,29843.6865949141,29839.0119738235,29849.8768911428,29841.3049340127
"19",29844.1303302214,29844.6340285747,29839.9592590811,29850.8245213239,29842.2522920639
"20",29845.077777969,29845.5814923131,29840.9065744117,29851.772181589,29843.1996801903
"21",29846.0252557949,29846.5289861301,29841.8539198163,29852.7198719389,29844.1470983931
"22",29846.9727636999,29847.4765100268,29842.8012952958,29853.6675923748,29845.0945466731
"23",29847.920301685,29848.4240640041,29843.7487008512,29854.6153428975,29846.0420250313
"24",29848.8678697511,29849.3716480629,29844.6961364835,29855.563123508,29846.9895334687
"25",29849.8154678993,29850.3192622043,29845.6436021935,29856.5109342073,29847.9370719861
"26",29850.7630961304,29851.2669064291,29846.5910979824,29857.4587749962,29848.8846405847
"27",29851.7107544454,29852.2145807384,29847.5386238509,29858.4066458759,29849.8322392652
"28",29852.6584428452,29853.162285133,29848.4861798001,29859.3545468471,29850.7798680287
"29",29853.606161331,29854.1100196139,29849.4337658309,29860.3024779109,29851.7275268762
"30",29854.5539099034,29855.0577841822,29850.3813819443,29861.2504390682,29852.6752158086
"31",29855.5016885637,29856.0055788387,29851.3290281412,29862.1984303201,29853.6229348267
"32",29856.4494973126,29856.9534035843,29852.2767044226,29863.1464516673,29854.5706839317
"33",29857.3973361511,29857.9012584202,29853.2244107894,29864.094503111,29855.5184631245
"34",29858.3452050803,29858.8491433471,29854.1721472426,29865.042584652,29856.4662724059
"35",29859.293104101,29859.7970583661,29855.1199137832,29865.9906962913,29857.414111777
"36",29860.2410332142,29860.7450034781,29856.0677104121,29866.9388380298,29858.3619812387
"37",29861.1889924209,29861.6929786841,29857.0155371302,29867.8870098686,29859.309880792
"38",29862.136981722,29862.640983985,29857.9633939386,29868.8352118086,29860.2578104378
"39",29863.0850011184,29863.5890193818,29858.9112808381,29869.7834438506,29861.2057701771
"40",29864.0330506112,29864.5370848755,29859.8591978297,29870.7317059958,29862.1537600109
"41",29864.9811302013,29865.4851804669,29860.8071449145,29871.679998245,29863.10177994
"42",29865.9292398897,29866.4333061571,29861.7551220932,29872.6283205992,29864.0498299655
"43",29866.8773796772,29867.381461947,29862.703129367,29873.5766730593,29864.9979100882
"44",29867.8255495649,29868.3296478375,29863.6511667367,29874.5250556264,29865.9460203093
"45",29868.7737495537,29869.2778638297,29864.5992342033,29875.4734683013,29866.8941606295
"46",29869.7219796446,29870.2261099244,29865.5473317678,29876.421911085,29867.84233105
"47",29870.6702398384,29871.1743861227,29866.495459431,29877.3703839785,29868.7905315715
"48",29871.6185301363,29872.1226924255,29867.4436171941,29878.3188869827,29869.7387621952
"49",29872.5668505391,29873.0710288337,29868.3918050579,29879.2674200986,29870.6870229218
"50",29873.5152010478,29874.0193953483,29869.3400230233,29880.2159833272,29871.6353137525
"51",29874.4635816633,29874.9677919702,29870.2882710914,29881.1645766693,29872.5836346881
"52",29875.4119923866,29875.9162187005,29871.2365492631,29882.113200126,29873.5319857296
"53",29876.3604332187,29876.86467554,29872.1848575393,29883.0618536982,29874.480366878
"54",29877.3089041605,29877.8131624897,29873.133195921,29884.0105373869,29875.4287781342
"55",29878.2574052129,29878.7616795506,29874.0815644092,29884.959251193,29876.3772194992
"56",29879.205936377,29879.7102267237,29875.0299630048,29885.9079951175,29877.3256909739
"57",29880.1544976537,29880.6588040098,29875.9783917088,29886.8567691613,29878.2741925592
"58",29881.1030890439,29881.60741141,29876.926850522,29887.8055733254,29879.2227242563
"59",29882.0517105485,29882.5560489251,29877.8753394456,29888.7544076107,29880.1712860659
"60",29883.0003621687,29883.5047165562,29878.8238584804,29889.7032720182,29881.119877989
"61",29883.9490439052,29884.4534143043,29879.7724076274,29890.6521665489,29882.0685000267
"62",29884.8977557591,29885.4021421702,29880.7209868876,29891.6010912037,29883.0171521798
"63",29885.8464977313,29886.3509001549,29881.6695962618,29892.5500459836,29883.9658344494
"64",29886.7952698227,29887.2996882594,29882.6182357512,29893.4990308895,29884.9145468363
"65",29887.7440720344,29888.2485064846,29883.5669053565,29894.4480459224,29885.8632893416
"66",29888.6929043673,29889.1973548316,29884.5156050788,29895.3970910832,29886.8120619661
"67",29889.6417668223,29890.1462333011,29885.4643349191,29896.346166373,29887.7608647109
"68",29890.5906594005,29891.0951418943,29886.4130948782,29897.2952717925,29888.7096975769
"69",29891.5395821026,29892.0440806121,29887.3618849572,29898.2444073429,29889.6585605651
"70",29892.4885349298,29892.9930494553,29888.3107051569,29899.1935730251,29890.6074536763
"71",29893.437517883,29893.9420484251,29889.2595554784,29900.1427688399,29891.5563769116
"72",29894.386530963,29894.8910775222,29890.2084359227,29901.0919947885,29892.505330272
"73",29895.335574171,29895.8401367478,29891.1573464906,29902.0412508717,29893.4543137583
"74",29896.2846475077,29896.7892261027,29892.1062871831,29902.9905370905,29894.4033273716
"75",29897.2337509743,29897.7383455878,29893.0552580012,29903.9398534458,29895.3523711128
"76",29898.1828845716,29898.6874952043,29894.0042589458,29904.8891999386,29896.3014449828
"77",29899.1320483006,29899.6366749529,29894.953290018,29905.8385765699,29897.2505489826
"78",29900.0812421623,29900.5858848348,29895.9023512185,29906.7879833406,29898.1996831132
"79",29901.0304661576,29901.5351248507,29896.8514425485,29907.7374202517,29899.1488473755
"80",29901.9797202875,29902.4843950018,29897.8005640089,29908.6868873042,29900.0980417705
"81",29902.9290045529,29903.4336952888,29898.7497156005,29909.6363844989,29901.0472662991
"82",29903.8783189547,29904.3830257129,29899.6988973245,29910.5859118368,29901.9965209624
"83",29904.8276634941,29905.3323862749,29900.6481091816,29911.535469319,29902.9458057611
"84",29905.7770381718,29906.2817769758,29901.597351173,29912.4850569463,29903.8951206964
"85",29906.7264429889,29907.2311978166,29902.5466232995,29913.4346747198,29904.8444657691
"86",29907.6758779463,29908.1806487982,29903.4959255621,29914.3843226403,29905.7938409802
"87",29908.625343045,29909.1301299216,29904.4452579618,29915.3340007088,29906.7432463308
"88",29909.5748382859,29910.0796411878,29905.3946204994,29916.2837089264,29907.6926818216
"89",29910.5243636699,29911.0291825976,29906.3440131761,29917.2334472939,29908.6421474537
"90",29911.4739191982,29911.9787541521,29907.2934359927,29918.1832158122,29909.5916432281
"91",29912.4235048715,29912.9283558522,29908.2428889501,29919.1330144825,29910.5411691457
"92",29913.3731206909,29913.8779876988,29909.1923720494,29920.0828433055,29911.4907252074
"93",29914.3227666572,29914.827649693,29910.1418852915,29921.0327022824,29912.4403114143
"94",29915.2724427716,29915.7773418356,29911.0914286774,29921.982591414,29913.3899277672
"95",29916.2221490349,29916.7270641277,29912.041002208,29922.9325107012,29914.3395742672
"96",29917.1718854481,29917.6768165702,29912.9906058842,29923.8824601451,29915.2892509151
"97",29918.1216520121,29918.626599164,29913.9402397071,29924.8324397466,29916.238957712
"98",29919.0714487279,29919.5764119101,29914.8899036775,29925.7824495067,29917.1886946588
"99",29920.0212755964,29920.5262548095,29915.8395977965,29926.7324894263,29918.1384617564
"100",29920.9711326187,29921.4761278631,29916.789322065,29927.6825595063,29919.0882590059
"101",29921.9210197957,29922.4260310719,29917.739076484,29928.6326597478,29920.0380864081
"102",29922.8709371282,29923.3759644369,29918.6888610543,29929.5827901517,29920.9879439641
"103",29923.8208846174,29924.3259279589,29919.6386757771,29930.532950719,29921.9378316747
"104",29924.7708622641,29925.275921639,29920.5885206531,29931.4831414505,29922.887749541
"105",29925.7208700693,29926.225945478,29921.5383956835,29932.4333623473,29923.8376975639
"106",29926.6709080339,29927.1759994771,29922.488300869,29933.3836134104,29924.7876757444
"107",29927.620976159,29928.1260836371,29923.4382362108,29934.3338946406,29925.7376840833
"108",29928.5710744455,29929.0761979589,29924.3882017098,29935.2842060389,29926.6877225818
"109",29929.5212028942,29930.0263424436,29925.3381973668,29936.2345476064,29927.6377912407
"110",29930.4713615063,29930.9765170921,29926.2882231829,29937.1849193439,29928.5878900609
"111",29931.4215502826,29931.9267219053,29927.2382791591,29938.1353212524,29929.5380190435
"112",29932.3717692241,29932.8769568843,29928.1883652962,29939.0857533328,29930.4881781894
"113",29933.3220183318,29933.8272220299,29929.1384815953,29940.0362155862,29931.4383674996
"114",29934.2722976065,29934.7775173432,29930.0886280573,29940.9867080135,29932.388586975
"115",29935.2226070494,29935.727842825,29931.0388046831,29941.9372306156,29933.3388366166
"116",29936.1729466613,29936.6781984764,29931.9890114738,29942.8877833936,29934.2891164253
"117",29937.1233164432,29937.6285842982,29932.9392484302,29943.8383663482,29935.2394264021
"118",29938.073716396,29938.5790002916,29933.8895155534,29944.7889794806,29936.1897665479
"119",29939.0241465207,29939.5294464573,29934.8398128442,29945.7396227917,29937.1401368638
"120",29939.9746068183,29940.4799227964,29935.7901403037,29946.6902962824,29938.0905373506
"121",29940.9250972897,29941.4304293099,29936.7404979328,29947.6409999537,29939.0409680093
"122",29941.8756179359,29942.3809659986,29937.6908857325,29948.5917338065,29939.9914288409
"123",29942.8261687579,29943.3315328636,29938.6413037037,29949.5424978419,29940.9419198464
"124",29943.7767497565,29944.2821299058,29939.5917518473,29950.4932920607,29941.8924410266
"125",29944.7273609328,29945.2327571261,29940.5422301644,29951.4441164639,29942.8429923827
"126",29945.6780022877,29946.1834145256,29941.4927386559,29952.3949710525,29943.7935739154
"127",28465.3020381483,28721.2589987337,28461.1166416489,28472.0192201537,28463.4175499519
"128",28466.2057128744,28722.1707992066,28462.0201835032,28472.923108127,28464.3211648521
"129",28467.1094162891,28723.082628626,28462.9237540419,28473.8270247957,28465.2248084389
"130",28468.0131483932,28723.9944869928,28463.8273532657,28474.7309701607,28466.1284807133
"131",28468.9169091877,28724.906374308,28464.7309811757,28475.6349442227,28467.0321816761
"132",28469.8206986735,28725.8182905725,28465.6346377728,28476.5389469828,28467.9359113283
"133",28470.7245168514,28726.7302357871,28466.5383230578,28477.4429784419,28468.8396696708
"134",28471.6283637225,28727.6422099528,28467.4420370317,28478.3470386008,28469.7434567044
"135",28472.5322392875,28728.5542130706,28468.3457796954,28479.2511274605,28470.6472724302
"136",28473.4361435475,28729.4662451413,28469.2495510497,28480.1552450219,28471.551116849
"137",28474.3400765033,28730.3783061658,28470.1533510957,28481.0593912859,28472.4549899618
"138",28475.2440381558,28731.2903961452,28471.0571798342,28481.9635662534,28473.3588917693
"139",28476.148028506,28732.2025150802,28471.9610372662,28482.8677699254,28474.2628222727
"140",28477.0520475548,28733.1146629718,28472.8649233925,28483.7720023026,28475.1667814726
"141",28477.956095303,28734.026839821,28473.768838214,28484.6762633861,28476.0707693702
"142",28478.8601717516,28734.9390456286,28474.6727817317,28485.5805531768,28476.9747859663
"143",28479.7642769015,28735.8512803956,28475.5767539465,28486.4848716755,28477.8788312617
"144",28480.6684107536,28736.7635441229,28476.4807548593,28487.3892188833,28478.7829052574
"145",28481.5725733089,28737.6758368115,28477.3847844709,28488.2935948009,28479.6870079544
"146",28482.4767645681,28738.5881584621,28478.2888427824,28489.1979994293,28480.5911393535
"147",28483.3809845323,28739.5005090758,28479.1929297946,28490.1024327694,28481.4952994556
"148",28484.2852332024,28740.4128886535,28480.0970455084,28491.0068948221,28482.3994882617
"149",28485.1895105792,28741.325297196,28481.0011899248,28491.9113855884,28483.3037057726
"150",28486.0938166637,28742.2377347044,28481.9053630446,28492.8159050691,28484.2079519894
"151",28486.9981514567,28743.1502011795,28482.8095648688,28493.7204532652,28485.1122269128
"152",28487.9025149593,28744.0626966222,28483.7137953982,28494.6250301776,28486.0165305438
"153",28488.8069071723,28744.9752210336,28484.6180546339,28495.5296358071,28486.9208628833
"154",28489.7113280966,28745.8877744144,28485.5223425766,28496.4342701548,28487.8252239322
"155",28490.6157777331,28746.8003567656,28486.4266592274,28497.3389332214,28488.7296136914
"156",28491.5202560828,28747.7129680881,28487.331004587,28498.243625008,28489.6340321619
"157",28492.4247631465,28748.6256083829,28488.2353786565,28499.1483455154,28490.5384793446
"158",28493.3292989252,28749.5382776509,28489.1397814368,28500.0530947445,28491.4429552403
"159",28494.2338634198,28750.4509758929,28490.0442129287,28500.9578726963,28492.34745985
"160",28495.1384566311,28751.36370311,28490.9486731331,28501.8626793717,28493.2519931746
"161",28496.0430785602,28752.276459303,28491.8531620511,28502.7675147715,28494.156555215
"162",28496.9477292079,28753.1892444728,28492.7576796834,28503.6723788967,28495.061145972
"163",28497.8524085751,28754.1020586204,28493.6622260311,28504.5772717483,28495.9657654468
"164",28498.7571166627,28755.0149017467,28494.5668010949,28505.482193327,28496.87041364
"165",28499.6618534717,28755.9277738526,28495.4714048759,28506.3871436339,28497.7750905527
"166",28500.5666190029,28756.840674939,28496.3760373749,28507.2921226698,28498.6797961857
"167",28501.4714132573,28757.7536050068,28497.2806985929,28508.1971304356,28499.5845305401
"168",28502.3762362358,28758.6665640571,28498.1853885307,28509.1021669323,28500.4892936166
"169",28503.2810879393,28759.5795520906,28499.0901071893,28510.0072321608,28501.3940854162
"170",28504.1859683687,28760.4925691083,28499.9948545695,28510.912326122,28502.2989059398
"171",28505.0908775249,28761.4056151112,28500.8996306724,28511.8174488167,28503.2037551883
"172",28505.9958154088,28762.3186901001,28501.8044354988,28512.722600246,28504.1086331626
"173",28506.9007820214,28763.2317940759,28502.7092690496,28513.6277804107,28505.0135398637
"174",28507.8057773635,28764.1449270397,28503.6141313257,28514.5329893118,28505.9184752924
"175",28508.7108014362,28765.0580889922,28504.5190223281,28515.43822695,28506.8234394497
"176",28509.6158542401,28765.9712799345,28505.4239420576,28516.3434933265,28507.7284323365
"177",28510.5209357764,28766.8844998675,28506.3288905152,28517.248788442,28508.6334539537
"178",28511.4260460459,28767.797748792,28507.2338677017,28518.1541122975,28509.5385043022
"179",28512.3311850495,28768.711026709,28508.1388736182,28519.0594648939,28510.4435833829
"180",28513.2363527881,28769.6243336194,28509.0439082654,28519.9648462321,28511.3486911967
"181",28514.1415492627,28770.5376695241,28509.9489716444,28520.870256313,28512.2538277445
"182",28515.0467744741,28771.4510344241,28510.854063756,28521.7756951375,28513.1589930273
"183",28515.9520284233,28772.3644283203,28511.7591846012,28522.6811627066,28514.064187046
"184",28516.8573111111,28773.2778512135,28512.6643341807,28523.5866590212,28514.9694098014
"185",28517.7626225386,28774.1913031048,28513.5695124957,28524.4921840821,28515.8746612945
"186",28518.6679627065,28775.104783995,28514.4747195469,28525.3977378903,28516.7799415262
"187",28519.5733316159,28776.018293885,28515.3799553353,28526.3033204467,28517.6852504975
"188",28520.4787292676,28776.9318327759,28516.2852198619,28527.2089317523,28518.5905882091
"189",28521.3841556625,28777.8454006684,28517.1905131274,28528.1145718078,28519.4959546621
"190",28522.2896108016,28778.7589975635,28518.0958351329,28529.0202406143,28520.4013498573
"191",28523.1950946857,28779.6726234622,28519.0011858791,28529.9259381726,28521.3067737957
"192",28524.1006073158,28780.5862783653,28519.9065653672,28530.8316644837,28522.2122264782
"193",28525.0061486928,28781.4999622738,28520.8119735979,28531.7374195484,28523.1177079057
"194",28525.9117188176,28782.4136751886,28521.7174105722,28532.6432033678,28524.023218079
"195",28526.8173176912,28783.3274171107,28522.6228762909,28533.5490159426,28524.9287569992
"196",28527.7229453143,28784.2411880408,28523.5283707551,28534.4548572738,28525.8343246671
"197",28528.628601688,28785.1549879801,28524.4338939656,28535.3607273624,28526.7399210836
"198",28529.5342868131,28786.0688169293,28525.3394459233,28536.2666262092,28527.6455462497
"199",28530.4400006907,28786.9826748894,28526.2450266291,28537.1725538152,28528.5512001662
"200",28531.3457433214,28787.8965618613,28527.150636084,28538.0785101812,28529.4568828341
"201",28532.2515147064,28788.810477846,28528.0562742889,28538.9844953082,28530.3625942543
"202",28533.1573148465,28789.7244228444,28528.9619412446,28539.8905091971,28531.2683344277
"203",28534.0631437426,28790.6383968573,28529.8676369521,28540.7965518488,28532.1741033552
"204",28534.9690013956,28791.5523998857,28530.7733614123,28541.7026232642,28533.0799010378
"205",28535.8748878065,28792.4664319306,28531.6791146262,28542.6087234442,28533.9857274763
"206",28536.7808029761,28793.3804929928,28532.5848965945,28543.5148523898,28534.8915826716
"207",28537.6867469054,28794.2945830733,28533.4907073183,28544.4210101018,28535.7974666247
"208",28538.5927195953,28795.208702173,28534.3965467985,28545.3271965812,28536.7033793364
"209",28539.4987210466,28796.1228502928,28535.3024150359,28546.2334118289,28537.6093208078
"210",28540.4047512604,28797.0370274337,28536.2083120315,28547.1396558458,28538.5152910397
"211",28541.3108102375,28797.9512335965,28537.1142377862,28548.0459286328,28539.4212900329
"212",28542.2168979788,28798.8654687822,28538.0201923009,28548.9522301908,28540.3273177885
"213",28543.1230144853,28799.7797329916,28538.9261755765,28549.8585605207,28541.2333743074
"214",28544.0291597578,28800.6940262258,28539.8321876139,28550.7649196235,28542.1394595904
"215",28544.9353337973,28801.6083484857,28540.7382284141,28551.6713075,28543.0455736385
"216",28545.8415366047,28802.5226997721,28541.6442979779,28552.5777241513,28543.9517164525
"217",28546.7477681809,28803.437080086,28542.5503963063,28553.4841695781,28544.8578880335
"218",28547.6540285268,28804.3514894283,28543.4565234002,28554.3906437814,28545.7640883822
"219",28548.5603176434,28805.2659277999,28544.3626792605,28555.2971467621,28546.6703174997
"220",28549.4666355314,28806.1803952018,28545.2688638881,28556.2036785212,28547.5765753868
"221",28550.372982192,28807.0948916348,28546.1750772839,28557.1102390595,28548.4828620445
"222",28551.2793576259,28808.0094171,28547.0813194489,28558.0168283779,28549.3891774736
"223",28552.185761834,28808.9239715981,28547.9875903839,28558.9234464775,28550.2955216751
"224",28553.0921948174,28809.8385551302,28548.8938900898,28559.830093359,28551.2018946499
"225",28553.9986565769,28810.7531676972,28549.8002185677,28560.7367690234,28552.1082963989
"226",28554.9051471134,28811.6678092999,28550.7065758183,28561.6434734716,28553.014726923
"227",28555.8116664278,28812.5824799394,28551.6129618427,28562.5502067046,28553.9211862231
"228",28556.7182145211,28813.4971796164,28552.5193766416,28563.4569687231,28554.8276743002
"229",28557.6247913941,28814.411908332,28553.4258202161,28564.3637595283,28555.7341911552
"230",28558.5313970478,28815.3266660871,28554.332292567,28565.2705791209,28556.6407367889
"231",28559.4380314831,28816.2414528826,28555.2387936953,28566.1774275019,28557.5473112023
"232",28560.3446947009,28817.1562687194,28556.1453236018,28567.0843046721,28558.4539143962
"233",28561.2513867021,28818.0711135984,28557.0518822876,28567.9912106326,28559.3605463717
"234",28562.1581074877,28818.9859875205,28557.9584697534,28568.8981453842,28560.2672071297
"235",28563.0648570585,28819.9008904868,28558.8650860003,28569.8051089279,28561.1738966709
"236",28563.9716354154,28820.815822498,28559.771731029,28570.7121012645,28562.0806149964
"237",28564.8784425595,28821.7307835552,28560.6784048406,28571.6191223949,28562.9873621071
"238",28565.7852784915,28822.6457736592,28561.585107436,28572.5261723202,28563.8941380038
"239",28566.6921432124,28823.560792811,28562.491838816,28573.4332510411,28564.8009426876
"240",28567.5990367231,28824.4758410114,28563.3985989816,28574.3403585587,28565.7077761593
"241",28568.5059590245,28825.3909182615,28564.3053879337,28575.2474948737,28566.6146384197
"242",28569.4129101176,28826.3060245621,28565.2122056732,28576.1546599872,28567.5215294699
"243",28570.3198900033,28827.2211599142,28566.1190522011,28577.0618539001,28568.4284493108
"244",28571.2268986824,28828.1363243186,28567.0259275181,28577.9690766132,28569.3353979432
"245",28572.1339361559,28829.0515177764,28567.9328316253,28578.8763281275,28570.2423753681
"246",28573.0410024247,28829.9667402883,28568.8397645236,28579.7836084438,28571.1493815864
"247",28573.9480974897,28830.8819918554,28569.7467262139,28580.6909175632,28572.056416599
"248",28574.8552213518,28831.7972724786,28570.653716697,28581.5982554865,28572.9634804068
"249",28575.762374012,28832.7125821587,28571.560735974,28582.5056222147,28573.8705730108
"250",28576.6695554711,28833.6279208968,28572.4677840456,28583.4130177486,28574.7776944118
"251",28577.5767657301,28834.5432886937,28573.374860913,28584.3204420891,28575.6848446107
"252",28578.4840047899,28835.4586855504,28574.2819665768,28585.2278952373,28576.5920236086
"253",27098.0646369775,27355.0474757939,27093.8624653643,27104.8087415201,27096.1725957324
"254",27098.9249066527,27355.915903784,27094.7226016351,27105.6692252972,27097.0328053418
"255",27099.7852036385,27356.7843593436,27095.5827652123,27106.5297363918,27097.89304226
"256",27100.6455279358,27357.6528424737,27096.4429560967,27107.3902748046,27098.7533064877
"257",27101.5058795454,27358.5213531752,27097.3031742892,27108.2508405365,27099.6135980258
"258",27102.3662584681,27359.3898914488,27098.1634197906,27109.1114335884,27100.4739168751
"259",27103.2266647049,27360.2584572956,27099.0236926018,27109.9720539612,27101.3342630366
"260",27104.0870982567,27361.1270507163,27099.8839927238,27110.8327016556,27102.1946365112
"261",27104.9475591242,27361.9956717118,27100.7443201572,27111.6933766727,27103.0550372996
"262",27105.8080473083,27362.864320283,27101.6046749031,27112.5540790132,27103.9154654027
"263",27106.66856281,27363.7329964308,27102.4650569623,27113.414808678,27104.7759208215
"264",27107.5291056301,27364.6017001561,27103.3254663356,27114.275565668,27105.6364035567
"265",27108.3896757694,27365.4704314597,27104.1859030239,27115.1363499841,27106.4969136093
"266",27109.2502732288,27366.3391903425,27105.0463670281,27115.997161627,27107.3574509801
"267",27110.1108980093,27367.2079768054,27105.9068583491,27116.8580005978,27108.21801567
"268",27110.9715501115,27368.0767908493,27106.7673769877,27117.7188668972,27109.0786076798
"269",27111.8322295365,27368.945632475,27107.6279229448,27118.5797605261,27109.9392270104
"270",27112.6929362851,27369.8145016834,27108.4884962212,27119.4406814855,27110.7998736628
"271",27113.5536703582,27370.6833984754,27109.3490968178,27120.3016297761,27111.6605476376
"272",27114.4144317566,27371.5523228519,27110.2097247356,27121.1626053988,27112.5212489359
"273",27115.2752204811,27372.4212748137,27111.0703799753,27122.0236083545,27113.3819775585
"274",27116.1360365328,27373.2902543617,27111.9310625378,27122.884638644,27114.2427335062
"275",27116.9968799123,27374.1592614968,27112.791772424,27123.7456962683,27115.10351678
"276",27117.8577506207,27375.0282962198,27113.6525096347,27124.6067812282,27115.9643273806
"277",27118.7186486587,27375.8973585317,27114.5132741709,27125.4678935246,27116.825165309
"278",27119.5795740272,27376.7664484334,27115.3740660334,27126.3290331583,27117.686030566
"279",27120.4405267272,27377.6355659256,27116.234885223,27127.1902001302,27118.5469231525
"280",27121.3015067594,27378.5047110093,27117.0957317407,27128.0513944411,27119.4078430693
"281",27122.1625141247,27379.3738836853,27117.9566055872,27128.912616092,27120.2687903174
"282",27123.0235488241,27380.2430839546,27118.8175067636,27129.7738650837,27121.1297648976
"283",27123.8846108583,27381.1123118179,27119.6784352705,27130.6351414171,27121.9907668107
"284",27124.7457002282,27381.9815672763,27120.5393911089,27131.496445093,27122.8517960577
"285",27125.6068169348,27382.8508503304,27121.4003742798,27132.3577761123,27123.7128526393
"286",27126.4679609788,27383.7201609813,27122.2613847838,27133.2191344759,27124.5739365566
"287",27127.3291323612,27384.5894992298,27123.1224226219,27134.0805201846,27125.4350478102
"288",27128.1903310827,27385.4588650768,27123.9834877951,27134.9419332394,27126.2961864012
"289",27129.0515571444,27386.3282585232,27124.844580304,27135.803373641,27127.1573523303
"290",27129.912810547,27387.1976795697,27125.7057001497,27136.6648413904,27128.0185455984
"291",27130.7740912914,27388.0671282174,27126.5668473329,27137.5263364884,27128.8797662065
"292",27131.6353993785,27388.9366044671,27127.4280218545,27138.3878589358,27129.7410141553
"293",27132.4967348091,27389.8061083196,27128.2892237155,27139.2494087337,27130.6022894458
"294",27133.3580975842,27390.6756397758,27129.1504529167,27140.1109858827,27131.4635920787
"295",27134.2194877045,27391.5451988367,27130.0117094588,27140.9725903839,27132.3249220551
"296",27135.080905171,27392.414785503,27130.8729933429,27141.834222238,27133.1862793757
"297",27135.9423499845,27393.2843997757,27131.7343045698,27142.6958814459,27134.0476640414
"298",27136.8038221459,27394.1540416557,27132.5956431404,27143.5575680085,27134.9090760531
"299",27137.665321656,27395.0237111438,27133.4570090554,27144.4192819267,27135.7705154116
"300",27138.5268485158,27395.8934082408,27134.3184023158,27145.2810232013,27136.6319821178
"301",27139.3884027261,27396.7631329478,27135.1798229225,27146.1427918332,27137.4934761727
"302",27140.2499842877,27397.6328852654,27136.0412708763,27147.0045878233,27138.3549975769
"303",27141.1115932015,27398.5026651947,27136.9027461781,27147.8664111724,27139.2165463315
"304",27141.9732294685,27399.3724727366,27137.7642488287,27148.7282618814,27140.0781224373
"305",27142.8348930894,27400.2423078917,27138.6257788291,27149.5901399513,27140.9397258952
"306",27143.6965840652,27401.1121706612,27139.4873361801,27150.4520453827,27141.8013567059
"307",27144.5583023966,27401.9820610457,27140.3489208825,27151.3139781767,27142.6630148705
"308",27145.4200480847,27402.8519790463,27141.2105329373,27152.175938334,27143.5247003897
"309",27146.2818211301,27403.7219246637,27142.0721723452,27153.0379258556,27144.3864132644
"310",27147.1436215339,27404.591897899,27142.9338391072,27153.8999407423,27145.2481534956
"311",27148.0054492969,27405.4618987528,27143.7955332242,27154.761982995,27146.109921084
"312",27148.8673044199,27406.3319272262,27144.6572546969,27155.6240526145,27146.9717160306
"313",27149.7291869038,27407.2019833199,27145.5190035264,27156.4861496018,27147.8335383361
"314",27150.5910967495,27408.0720670349,27146.3807797133,27157.3482739576,27148.6953880015
"315",27151.4530339579,27408.9421783721,27147.2425832587,27158.210425683,27149.5572650277
"316",27152.3149985298,27409.8123173322,27148.1044141633,27159.0726047786,27150.4191694155
"317",27153.176990466,27410.6824839163,27148.9662724281,27159.9348112455,27151.2811011658
"318",27154.0390097675,27411.5526781252,27149.828158054,27160.7970450844,27152.1430602794
"319",27154.9010564352,27412.4228999597,27150.6900710416,27161.6593062962,27153.0050467572
"320",27155.7631304698,27413.2931494207,27151.5520113921,27162.5215948819,27153.8670606001
"321",27156.6252318723,27414.1634265091,27152.4139791062,27163.3839108422,27154.7291018089
"322",27157.4873606436,27415.0337312259,27153.2759741847,27164.2462541781,27155.5911703846
"323",27158.3495167844,27415.9040635717,27154.1379966286,27165.1086248904,27156.453266328
"324",27159.2117002957,27416.7744235477,27155.0000464388,27165.97102298,27157.3153896399
"325",27160.0739111784,27417.6448111545,27155.862123616,27166.8334484477,27158.1775403213
"326",27160.9361494333,27418.5152263931,27156.7242281612,27167.6959012945,27159.0397183729
"327",27161.7984150612,27419.3856692644,27157.5863600752,27168.5583815211,27159.9019237958
"328",27162.6607080631,27420.2561397692,27158.448519359,27169.4208891285,27160.7641565906
"329",27163.5230284398,27421.1266379085,27159.3107060133,27170.2834241176,27161.6264167584
"330",27164.3853761922,27421.997163683,27160.172920039,27171.1459864891,27162.4887042999
"331",27165.2477513211,27422.8677170938,27161.035161437,27172.008576244,27163.3510192161
"332",27166.1101538275,27423.7382981416,27161.8974302083,27172.8711933831,27164.2133615078
"333",27166.9725837121,27424.6089068273,27162.7597263535,27173.7338379073,27165.0757311758
"334",27167.8350409759,27425.4795431518,27163.6220498737,27174.5965098176,27165.9381282212
"335",27168.6975256198,27426.3502071161,27164.4844007697,27175.4592091146,27166.8005526446
"336",27169.5600376445,27427.2208987208,27165.3467790423,27176.3219357994,27167.663004447
"337",27170.422577051,27428.0916179671,27166.2091846925,27177.1846898727,27168.5254836293
"338",27171.2851438402,27428.9623648556,27167.071617721,27178.0474713355,27169.3879901923
"339",27172.1477380128,27429.8331393874,27167.9340781288,27178.9102801887,27170.2505241369
"340",27173.0103595699,27430.7039415632,27168.7965659167,27179.773116433,27171.113085464
"341",27173.8730085122,27431.5747713839,27169.6590810857,27180.6359800694,27171.9756741744
"342",27174.7356848406,27432.4456288505,27170.5216236365,27181.4988710987,27172.838290269
"343",27175.5983885559,27433.3165139639,27171.38419357,27182.3617895218,27173.7009337487
"344",27176.4611196592,27434.1874267247,27172.2467908872,27183.2247353396,27174.5636046143
"345",27177.3238781511,27435.0583671341,27173.1094155888,27184.0877085529,27175.4263028667
"346",27178.1866640327,27435.9293351928,27173.9720676757,27184.9507091626,27176.2890285068
"347",27179.0494773047,27436.8003309017,27174.8347471489,27185.8137371697,27177.1517815355
"348",27179.912317968,27437.6713542617,27175.6974540092,27186.6767925748,27178.0145619536
"349",27180.7751860236,27438.5424052737,27176.5601882574,27187.539875379,27178.8773697619
"350",27181.6380814722,27439.4134839386,27177.4229498945,27188.4029855831,27179.7402049615
"351",27182.5010043148,27440.2845902571,27178.2857389212,27189.2661231879,27180.603067553
"352",27183.3639545521,27441.1557242303,27179.1485553385,27190.1292881944,27181.4659575375
"353",27184.2269321852,27442.026885859,27180.0113991472,27190.9924806033,27182.3288749157
"354",27185.0899372148,27442.898075144,27180.8742703483,27191.8557004157,27183.1918196886
"355",27185.9529696418,27443.7692920862,27181.7371689425,27192.7189476322,27184.0547918569
"356",27186.8160294671,27444.6405366866,27182.6000949307,27193.5822222539,27184.9177914217
"357",27187.6791166916,27445.511808946,27183.4630483139,27194.4455242816,27185.7808183837
"358",27188.5422313161,27446.3831088653,27184.3260290928,27195.3088537161,27186.6438727438
"359",27189.4053733415,27447.2544364453,27185.1890372684,27196.1722105583,27187.5069545029
"360",27190.2685427687,27448.1257916869,27186.0520728415,27197.0355948091,27188.3700636618
"361",27191.1317395985,27448.9971745911,27186.915135813,27197.8990064694,27189.2332002215
"362",27191.9949638318,27449.8685851586,27187.7782261837,27198.76244554,27190.0963641828
"363",27192.8582154695,27450.7400233905,27188.6413439546,27199.6259120218,27190.9595555465
"364",27193.7214945125,27451.6114892874,27189.5044891265,27200.4894059156,27191.8227743136
"365",27194.5848009615,27452.4829828504,27190.3676617003,27201.3529272224,27192.6860204848
"366",27195.4481348176,27453.3545040803,27191.2308616768,27202.216475943,27193.5492940612
"367",27196.3114960815,27454.2260529779,27192.0940890569,27203.0800520783,27194.4125950435
"368",27197.1748847541,27455.0976295442,27192.9573438414,27203.9436556292,27195.2759234326
"369",27198.0383008364,27455.9692337801,27193.8206260314,27204.8072865964,27196.1392792294
"370",27198.9017443291,27456.8408656864,27194.6839356275,27205.670944981,27197.0026624348
"371",27199.7652152331,27457.7125252639,27195.5472726308,27206.5346307837,27197.8660730495
"372",27200.6287135494,27458.5842125137,27196.410637042,27207.3983440055,27198.7295110746
"373",27201.4922392787,27459.4559274365,27197.274028862,27208.2620846471,27199.5929765109
"374",27202.355792422,27460.3276700332,27198.1374480917,27209.1258527096,27200.4564693591
"375",27203.2193729801,27461.1994403047,27199.000894732,27209.9896481936,27201.3199896203
"376",27204.0829809539,27462.0712382519,27199.8643687837,27210.8534711002,27202.1835372953
"377",27204.9466163443,27462.9430638757,27200.7278702478,27211.7173214302,27203.0471123849
"378",27205.8102791521,27463.8149171769,27201.591399125,27212.5811991844,27203.91071489
"379",25725.3473337044,25983.3601624826,25721.1283197424,28590.7046852566,26100.3490280299
"380",25726.1640243608,25984.1850441525,25721.9448764598,28591.6123410823,26101.177623691
"381",25726.9807409443,25985.0099520095,25722.7614590999,28592.520025723,26102.0062456571
"382",25727.7974834557,25985.8348860545,25723.5780676638,28593.4277391795,26102.8348939291
"383",25728.6142518959,25986.6598462883,25724.3947021521,28594.3354814528,26103.6635685078
"384",25729.4310462656,25987.4848327117,25725.2113625658,28595.2432525437,26104.4922693941
"385",25730.2478665658,25988.3098453255,25726.0280489056,28596.1510524533,26105.3209965887
"386",25731.0647127971,25989.1348841307,25726.8447611724,28597.0588811823,26106.1497500925
"387",25731.8815849605,25989.959949128,25727.6614993669,28597.9667387317,26106.9785299064
"388",25732.6984830568,25990.7850403182,25728.4782634901,28598.8746251025,26107.8073360312
"389",25733.5154070867,25991.6101577023,25729.2950535426,28599.7825402956,26108.6361684677
"390",25734.3323570512,25992.4353012809,25730.1118695255,28600.6904843117,26109.4650272168
"391",25735.1493329509,25993.260471055,25730.9287114394,28601.598457152,26110.2939122793
"392",25735.9663347869,25994.0856670254,25731.7455792852,28602.5064588173,26111.122823656
"393",25736.7833625598,25994.9108891929,25732.5624730638,28603.4144893084,26111.9517613477
"394",25737.6004162705,25995.7361375583,25733.3793927759,28604.3225486264,26112.7807253554
"395",25738.4174959198,25996.5614121225,25734.1963384223,28605.2306367722,26113.6097156798
"396",25739.2346015086,25997.3867128863,25735.013310004,28606.1387537465,26114.4387323218
"397",25740.0517330376,25998.2120398506,25735.8303075216,28607.0468995505,26115.2677752821
"398",25740.8688905078,25999.0373930161,25736.6473309762,28607.9550741849,26116.0968445617
"399",25741.6860739199,25999.8627723838,25737.4643803683,28608.8632776507,26116.9259401614
"400",25742.5032832747,26000.6881779544,25738.281455699,28609.7715099489,26117.755062082
"401",25743.320518573,26001.5136097287,25739.098556969,28610.6797710803,26118.5842103244
"402",25744.1377798158,26002.3390677076,25739.9156841791,28611.5880610458,26119.4133848893
"403",25744.9550670038,26003.164551892,25740.7328373302,28612.4963798463,26120.2425857777
"404",25745.7723801378,26003.9900622826,25741.550016423,28613.4047274829,26121.0718129903
"405",25746.5897192187,26004.8155988804,25742.3672214585,28614.3131039563,26121.901066528
"406",25747.4070842472,26005.641161686,25743.1844524374,28615.2215092676,26122.7303463916
"407",25748.2244752243,26006.4667507004,25744.0017093605,28616.1299434176,26123.559652582
"408",25749.0418921507,26007.2923659244,25744.8189922287,28617.0384064072,26124.3889851
"409",25749.8593350273,26008.1180073589,25745.6363010428,28617.9468982373,26125.2183439464
"410",25750.6768038548,26008.9436750046,25746.4536358036,28618.8554189089,26126.0477291221
"411",25751.4942986341,26009.7693688623,25747.270996512,28619.763968423,26126.8771406279
"412",25752.3118193661,26010.595088933,25748.0883831688,28620.6725467803,26127.7065784647
"413",25753.1293660515,26011.4208352175,25748.9057957747,28621.5811539818,26128.5360426332
"414",25753.9469386912,26012.2466077165,25749.7232343307,28622.4897900285,26129.3655331343
"415",25754.764537286,26013.0724064309,25750.5406988375,28623.3984549212,26130.1950499689
"416",25755.5821618367,26013.8982313616,25751.358189296,28624.3071486608,26131.0245931378
"417",25756.3998123442,26014.7240825094,25752.175705707,28625.2158712484,26131.8541626418
"418",25757.2174888092,26015.5499598751,25752.9932480712,28626.1246226847,26132.6837584817
"419",25758.0351912326,26016.3758634595,25753.8108163897,28627.0334029708,26133.5133806585
"420",25758.8529196153,26017.2017932635,25754.628410663,28627.9422121074,26134.3430291729
"421",25759.670673958,26018.027749288,25755.4460308922,28628.8510500956,26135.1727040257
"422",25760.4884542615,26018.8537315336,25756.263677078,28629.7599169363,26136.0024052178
"423",25761.3062605268,26019.6797400013,25757.0813492212,28630.6688126304,26136.8321327501
"424",25762.1240927545,26020.505774692,25757.8990473227,28631.5777371787,26137.6618866234
"425",25762.9419509457,26021.3318356064,25758.7167713832,28632.4866905822,26138.4916668384
"426",25763.7598351009,26022.1579227453,25759.5345214037,28633.3956728419,26139.3214733962
"427",25764.5777452212,26022.9840361097,25760.3522973848,28634.3046839586,26140.1513062974
"428",25765.3956813072,26023.8101757003,25761.1700993276,28635.2137239333,26140.9811655429
"429",25766.21364336,26024.636341518,25761.9879272327,28636.1227927668,26141.8110511336
"430",25767.0316313801,26025.4625335635,25762.805781101,28637.0318904601,26142.6409630702
"431",25767.8496453686,26026.2887518378,25763.6236609334,28637.9410170141,26143.4709013537
"432",25768.6676853261,26027.1149963417,25764.4415667306,28638.8501724297,26144.3008659849
"433",25769.4857512536,26027.941267076,25765.2594984934,28639.7593567079,26145.1308569645
"434",25770.3038431519,26028.7675640415,25766.0774562228,28640.6685698495,26145.9608742935
"435",25771.1219610217,26029.5938872391,25766.8954399195,28641.5778118555,26146.7909179727
"436",25771.940104864,26030.4202366695,25767.7134495844,28642.4870827268,26147.6209880029
"437",25772.7582746795,26031.2466123337,25768.5314852182,28643.3963824643,26148.4510843849
"438",25773.576470469,26032.0730142325,25769.3495468218,28644.3057110688,26149.2812071197
"439",25774.3946922334,26032.8994423667,25770.167634396,28645.2150685415,26150.1113562079
"440",25775.2129399736,26033.7258967371,25770.9857479417,28646.124454883,26150.9415316505
"441",25776.0312136902,26034.5523773445,25771.8038874597,28647.0338700945,26151.7717334483
"442",25776.8495133842,26035.3788841899,25772.6220529507,28647.9433141767,26152.6019616021
"443",25777.6678390564,26036.205417274,25773.4402444157,28648.8527871306,26153.4322161128
"444",25778.4861907076,26037.0319765976,26036.9329941086,28649.7622889571,26154.2624969812
"445",25779.3045683387,26037.8585621616,26037.7595765302,28650.6718196572,26155.0928042081
"446",25780.1229719503,26038.6851739669,26038.5861851931,28651.5813792317,26155.9231377944
"447",25780.9414015435,26039.5118120142,26039.4128200978,28652.4909676816,26156.753497741
"448",25781.759857119,26040.3384763045,26040.2394812454,28653.4005850077,26157.5838840486
"449",25782.5783386776,26041.1651668384,26041.0661686366,28654.3102312111,26158.414296718
"450",25783.3968462201,26041.9918836169,26041.8928822723,28655.2199062926,26159.2447357502
"451",25784.2153797475,26042.8186266408,26042.7196221532,28656.1296102531,26160.075201146
"452",25785.0339392604,26043.645395911,26043.5463882803,28657.0393430935,26160.9056929061
"453",25785.8525247598,26044.4721914282,26044.3731806544,28657.9491048149,26161.7362110315
"454",25786.6711362464,26045.2990131933,26045.1999992762,28658.858895418,26162.566755523
"455",25787.4897737211,26046.1258612071,26046.0268441467,28659.7687149038,26163.3973263814
"456",25788.3084371847,26046.9527354704,26046.8537152666,28660.6785632732,26164.2279236075
"457",25789.127126638,26047.7796359842,26047.6806126368,28661.5884405272,26165.0585472022
"458",25789.9458420819,26048.6065627492,26048.5075362581,28662.4983466666,26165.8891971663
"459",25790.7645835171,26049.4335157662,26049.3344861315,28663.4082816923,26166.7198735007
"460",26039.6665641315,26050.2604950362,26050.1614622576,28664.3182456054,26167.5505762062
"461",26040.4932333346,26057.5514753103,26050.9884646373,28665.2282384067,26168.3813052836
"462",26041.3199287815,26058.3787122974,26051.8154932715,28666.138260097,26169.2120607338
"463",26042.1466504732,26059.2059755463,26052.6425481609,28667.0483106775,26170.0428425576
"464",26042.9733984104,26060.033265058,26053.4696293066,28667.9583901488,26170.8736507558
"465",26043.800172594,26060.8605808333,26054.2967367091,28668.8684985121,26171.7044853294
"466",26044.6269730248,26061.6879228729,26055.1238703695,28669.7786357681,26172.535346279
"467",26045.4537997037,26062.5152911778,26055.9510302885,28670.6888019178,26173.3662336056
"468",26046.2806526315,26063.3426857488,26056.7782164669,28671.5989969622,26174.19714731
"469",26047.1075318089,26064.1701065868,26057.6054289057,28672.5092209021,26175.028087393
"470",26047.9344372369,26064.9975536924,26058.4326676056,28673.4194737384,26175.8590538555
"471",26048.7613689163,26065.8250270666,26059.2599325674,28674.3297554721,26176.6900466983
"472",26049.5883268479,26066.6525267103,26060.087223792,28675.2400661041,26177.5210659222
"473",26050.4153110326,26067.4800526242,26060.9145412803,28676.1504056354,26178.3521115282
"474",26051.2423214712,26068.3076048091,26061.741885033,28677.0607740667,26179.1831835169
"475",26052.0693581644,26069.135183266,26062.5692550511,28677.9711713991,26180.0142818893
"476",26052.8964211132,26069.9627879957,26063.3966513352,28678.8815976335,26180.8454066462
"477",26053.7235103184,26070.7904189989,26064.2240738864,28679.7920527707,26181.6765577884
"478",26054.5506257808,26071.6180762765,26065.0515227053,28680.7025368117,26182.5077353168
"479",26055.3777675013,26072.4457598294,26065.8789977928,28681.6130497575,26183.3389392322
"480",26056.2049354806,26073.2734696584,26066.7064991499,28682.5235916089,26184.1701695355
"481",26057.0321297197,26074.1012057643,26067.5340267772,28683.4341623668,26185.0014262274
"482",26057.8593502193,26074.9289681479,26068.3615806757,28684.3447620322,26185.8327093089
"483",26058.6865969803,26075.7567568102,26069.1891608461,28685.255390606,26186.6640187807
"484",26059.5138700035,26076.5845717518,26070.0167672893,28686.166048089,26187.4953546437
"485",26060.3411692898,26077.4124129737,26070.8444000062,28687.0767344823,26188.3267168987
"486",26061.16849484,26078.2402804767,26071.6720589976,28687.9874497868,26189.1581055466
"487",26061.9958466548,26079.0681742617,26072.4997442642,28688.8981940033,26189.9895205882
"488",26062.8232247353,26079.8960943294,26073.327455807,28689.8089671327,26190.8209620244
"489",26063.6506290821,26080.7240406806,26074.1551936268,28690.7197691761,26191.6524298559
"490",26064.4780596961,26081.5520133163,26074.9829577243,28691.6306001343,26192.4839240837
"491",26065.3055165782,26082.3800122373,26075.8107481006,28692.5414600082,26193.3154447086
"492",26066.1329997292,26083.2080374444,26076.6385647562,28693.4523487987,26194.1469917313
"493",26066.9605091499,26084.0360889384,26077.4664076922,28694.3632665068,26194.9785651528
"494",26067.7880448412,26084.8641667202,26078.2942769094,28695.2742131334,26195.8101649738
"495",26068.6156068039,26085.6922707905,26079.1221724085,28696.1851886794,26196.6417911953
"496",26069.4431950387,26086.5204011503,26079.9500941905,28697.0961931457,26197.473443818
"497",26070.2708095467,26087.3485578004,26080.7780422561,28698.0072265332,26198.3051228428
"498",26071.0984503285,26088.1767407416,26081.6060166061,28698.9182888429,26199.1368282705
"499",26071.9261173851,26089.0049499747,26082.4340172415,28699.8293800757,26199.968560102
"500",26072.7538107172,26089.8331855006,26083.2620441631,28700.7405002324,26200.8003183381
"501",26073.5815303257,26090.6614473201,26084.0900973716,28701.6516493141,26201.6321029796
"502",26074.4092762115,26091.4897354341,26084.918176868,28702.5628273216,26202.4639140275
"503",26075.2370483753,26092.3180498433,26085.746282653,28703.4740342558,26203.2957514824
"504",26076.064846818,26093.1463905486,26086.5744147274,28704.3852701177,26204.1276153453
"505",26076.8926715405,26093.9747575509,26087.4025730923,28705.2965349082,28461.3418795051
